{"cameraMode":{"drawMode":0,"name":"Shaded","section":"Shading Mode"},"sceneLighting":true,"audioPlay":false,"sceneViewState":{"m_AlwaysRefresh":false,"showFog":true,"showSkybox":true,"showFlares":true,"showImageEffects":true,"showParticleSystems":true,"showVisualEffectGraphs":true,"m_FxEnabled":true},"in2DMode":false,"pivot":{"x":-0.7808365821838379,"y":4.257587432861328,"z":12.921640396118164},"rotation":{"x":-0.055140115320682529,"y":-0.028456417843699456,"z":-0.0015741006936877967,"w":0.9980767965316773},"size":11.205360412597657,"orthographic":false}