{"cameraMode":{"drawMode":0,"name":"Shaded","section":"Shading Mode"},"sceneLighting":false,"audioPlay":false,"sceneViewState":{"m_AlwaysRefresh":false,"showFog":true,"showSkybox":false,"showFlares":true,"showImageEffects":true,"showParticleSystems":true,"showVisualEffectGraphs":true,"m_FxEnabled":true},"in2DMode":false,"pivot":{"x":-3.9013733863830568,"y":0.19587144255638123,"z":0.008290708065032959},"rotation":{"x":0.10211986303329468,"y":-0.014925764873623848,"z":0.0015324382111430169,"w":0.9946590065956116},"size":1.4795737266540528,"orthographic":false}